region,code,municipality
Flemish Region,3511,Hasselt
Flemish Region,3520,Zonhoven
Walloon Region,4141,Sprimont
Walloon Region,4420,Saint-Nicolas
Walloon Region,4831,Limbourg
Walloon Region,5370,Havelange
Walloon Region,6511,Beaumont
Walloon Region,6790,Aubange
Walloon Region,6830,Bouillon
Walloon Region,7110,La Louvière
Walloon Region,7743,Pecq
Walloon Region,7904,Leuze-en-Hainaut
Walloon Region,7911,Frasnes-lez-Anvaing
Walloon Region,7951,Chièvres
Flemish Region,8200,Bruges
Flemish Region,8610,Kortemark
Flemish Region,8660,La Panne
Flemish Region,8902,Ypres
Flemish Region,9052,Gand
Flemish Region,9420,Erpe-Mere
Flemish Region,9500,Grammont
Flemish Region,9506,Grammont
Flemish Region,9680,Maarkedal
Flemish Region,1840,Londerzeel
Flemish Region,2250,Olen
Flemish Region,2310,Rijkevorsel
Flemish Region,3080,Tervuren
Flemish Region,3471,Kortenaken
Flemish Region,3501,Hasselt
Flemish Region,3717,Herstappe
Flemish Region,3722,Hasselt
Flemish Region,3800,Saint-Trond
Flemish Region,3910,Pelt
Walloon Region,4020,Liège
Walloon Region,4052,Chaudfontaine
Walloon Region,4701,Eupen
Walloon Region,4791,Burg-Reuland
Walloon Region,4983,Trois-Ponts
Walloon Region,5002,Namur
Walloon Region,5081,La Bruyère
Walloon Region,5351,Ohey
Walloon Region,5364,Hamois
Walloon Region,5376,Havelange
Walloon Region,5502,Dinant
Walloon Region,5680,Doische
Walloon Region,6142,Fontaine-l’Evêque
Walloon Region,6461,Chimay
Walloon Region,6534,Thuin
Walloon Region,6592,Momignies
Walloon Region,6698,Vielsalm
Walloon Region,6970,Tenneville
Walloon Region,6987,Rendeux
Walloon Region,6990,Hotton
Walloon Region,7620,Brunehaut
Walloon Region,7642,Antoing
Walloon Region,7802,Ath
Flemish Region,8020,Oostkamp
Flemish Region,8300,Knokke-Heist
Flemish Region,8310,Bruges
Flemish Region,8640,Vleteren
Flemish Region,8730,Beernem
Flemish Region,8951,Heuvelland
Walloon Region,6811,Chiny
Walloon Region,7822,Ath
Walloon Region,7972,Beloeil
Flemish Region,8972,Poperinge
Flemish Region,9080,Lochristi
Flemish Region,9130,Beveren-Kruibeke-Zwijndrecht
Flemish Region,9681,Maarkedal
Flemish Region,9840,Nazareth-De Pinte
Flemish Region,1650,Beersel
Flemish Region,1852,Grimbergen
Flemish Region,3212,Lubbeek
Flemish Region,3803,Saint-Trond
Walloon Region,4031,Liège
Walloon Region,4577,Modave
Walloon Region,5003,Namur
Walloon Region,5336,Assesse
Walloon Region,5541,Hastière
Walloon Region,6240,Farciennes
Walloon Region,6590,Momignies
Walloon Region,6630,Martelange
Walloon Region,6670,Gouvy
Walloon Region,6813,Chiny
Walloon Region,6887,Herbeumont
Walloon Region,6986,La Roche-en-Ardenne
Walloon Region,7033,Mons
Walloon Region,7080,Frameries
Walloon Region,7140,Morlanwelz
Walloon Region,7548,Tournai
Walloon Region,7604,Péruwelz
Walloon Region,7608,Péruwelz
Walloon Region,7890,Ellezelles
Flemish Region,9636,Zwalin
Brussels-Capital Region,1030,Schaerbeek
Walloon Region,1421,Braine-l’Alleud
Walloon Region,1473,Genappe
Flemish Region,1731,Asse
Flemish Region,2170,Anvers
Flemish Region,2220,Heist-op-den-Berg
Flemish Region,2223,Heist-op-den-Berg
Flemish Region,2382,Ravels
Brussels-Capital Region,1160,Auderghem
Brussels-Capital Region,1190,Forest
Walloon Region,1476,Genappe
Flemish Region,1654,Beersel
Flemish Region,3052,Oud-Heverlee
Flemish Region,3128,Tremelo
Flemish Region,3620,Lanaken
Flemish Region,3920,Lommel
Walloon Region,4120,Neupré
Walloon Region,4163,Anthisnes
Walloon Region,4367,Crisnée
Walloon Region,4711,Lontzen
Walloon Region,4761,Bullange
Walloon Region,4802,Verviers
Walloon Region,4920,Aywaille
Walloon Region,4980,Trois-Ponts
Walloon Region,5004,Namur
Flemish Region,1982,Zemst
Flemish Region,3294,Diest
Flemish Region,3670,Oudsbergen
Flemish Region,3680,Maaseik
Flemish Region,3746,Bilzen-Hoeselt
Walloon Region,6211,Les Bons Villers
Walloon Region,6250,Aiseau-Presles
Walloon Region,4161,Anthisnes
Walloon Region,4254,Geer
Walloon Region,4357,Donceel
Walloon Region,4537,Verlaine
Walloon Region,6833,Bouillon
Walloon Region,6950,Nassogne
Walloon Region,4750,Butgenbach
Walloon Region,7100,La Louvière
Walloon Region,7133,Binche
Walloon Region,4770,Amblève
Walloon Region,7603,Péruwelz
Walloon Region,7611,Rumes
Walloon Region,4860,Pepinster
Walloon Region,7910,Frasnes-lez-Anvaing
Walloon Region,5542,Hastière
Flemish Region,8210,Zedelgem
Flemish Region,8600,Dixmude
Flemish Region,9041,Gand
Flemish Region,9180,Lokeren
Flemish Region,9400,Ninove
Walloon Region,6500,Beaumont
Walloon Region,6640,Vaux-sur-Sûre
Walloon Region,6742,Etalle
Walloon Region,6820,Florenville
Walloon Region,6960,Manhay
Walloon Region,6983,La Roche-en-Ardenne
Walloon Region,7040,Quévy
Walloon Region,7060,Soignies
Walloon Region,7864,Lessines
Walloon Region,7940,Brugelette
Walloon Region,7970,Beloeil
Flemish Region,8531,Harelbeke
Flemish Region,8620,Nieuport
Flemish Region,8650,Houthulst
Flemish Region,9112,Saint-Nicolas
Flemish Region,9200,Termonde
Flemish Region,9406,Ninove
Flemish Region,9688,Maarkedal
Flemish Region,9771,Kruisem
Flemish Region,9790,Wortegem-Petegem
Flemish Region,9800,Deinze
Flemish Region,9830,Sint-Martens-Latem
Walloon Region,6594,Momignies
Walloon Region,6642,Vaux-sur-Sûre
Walloon Region,6730,Tintigny
Walloon Region,7130,Binche
Walloon Region,7520,Tournai
Walloon Region,7543,Tournai
Walloon Region,7624,Brunehaut
Walloon Region,7823,Ath
Walloon Region,7912,Frasnes-lez-Anvaing
Flemish Region,8460,Oudenburg
Flemish Region,2627,Schelle
Walloon Region,1332,Rixensart
Flemish Region,1671,Pepingen
Flemish Region,1830,Machelen
Flemish Region,2140,Anvers
Flemish Region,2470,Retie
Walloon Region,4453,Juprelle
Flemish Region,2820,Bonheiden
Flemish Region,3272,Montaigu-Zichem
Flemish Region,3621,Lanaken
Walloon Region,4041,Herstal
Walloon Region,4250,Geer
Walloon Region,4260,Braives
Walloon Region,4360,Oreye
Walloon Region,4780,Saint-Vith
Walloon Region,4841,Welkenraedt
Walloon Region,5070,Fosses-la-Ville
Walloon Region,5353,Ohey
Walloon Region,5361,Hamois
Walloon Region,5372,Havelange
Walloon Region,5380,Fernelmont
Walloon Region,5537,Anhée
Walloon Region,5560,Houyet
Walloon Region,5630,Cerfontaine
Walloon Region,5590,Ciney
Walloon Region,6222,Fleurus
Walloon Region,6440,Froidchapelle
Walloon Region,6681,Sainte-Ode
Walloon Region,6692,Vielsalm
Walloon Region,6720,Habay
Walloon Region,6971,Tenneville
Walloon Region,7502,Tournai
Walloon Region,6663,Houffalize
Walloon Region,7804,Ath
Walloon Region,6673,Gouvy
Walloon Region,6688,Bastogne
Walloon Region,6747,Saint-Léger
Flemish Region,8880,Ledegem
Walloon Region,6831,Bouillon
Flemish Region,9240,Zele
Flemish Region,9521,Sint-Lievens-Houtem
Flemish Region,9630,Zwalin
Walloon Region,6921,Wellin
Flemish Region,9970,Kaprijke
Flemish Region,9981,Sint-Laureins
Walloon Region,7906,Leuze-en-Hainaut
Flemish Region,8433,Middelkerke
Walloon Region,4837,Baelen
Walloon Region,1342,Ottignies-Louvain-la-Neuve
Walloon Region,5001,Namur
Walloon Region,1430,Rebecq
Walloon Region,1440,Braine-le-Château
Walloon Region,5530,Yvoir
Flemish Region,1600,Sint-Pieters-Leeuw
Flemish Region,1653,Beersel
Walloon Region,5651,Walcourt
Walloon Region,6044,Charleroi
Flemish Region,1931,Machelen
Walloon Region,6593,Momignies
Flemish Region,2221,Heist-op-den-Berg
Flemish Region,2288,Grobbendonk
Flemish Region,2328,Hoogstraten
Walloon Region,6852,Paliseul
Flemish Region,3293,Diest
Flemish Region,3400,Landen
Walloon Region,6940,Durbuy
Walloon Region,7030,Mons
Walloon Region,7070,Le Roeulx
Walloon Region,7141,Morlanwelz
Walloon Region,7320,Bernissart
Walloon Region,5575,Gedinne
Walloon Region,5621,Florennes
Walloon Region,7861,Lessines
Walloon Region,6031,Charleroi
Walloon Region,6120,Ham-sur-Heure-Nalinnes
Flemish Region,8421,De Haan
Walloon Region,6531,Thuin
Walloon Region,6662,Houffalize
Walloon Region,6672,Gouvy
Brussels-Capital Region,1040,Etterbeek
Walloon Region,1360,Perwez
Walloon Region,1420,Braine-l’Alleud
Flemish Region,1500,Hal
Flemish Region,1950,Kraainem
Flemish Region,2260,Westerlo
Flemish Region,2431,Laakdal
Brussels-Capital Region,1090,Jette
Walloon Region,1370,Jodoigne
Walloon Region,1428,Braine-l’Alleud
Walloon Region,1495,Villers-la-Ville
Flemish Region,1570,Pajottegem
Flemish Region,1831,Machelen
Flemish Region,1981,Zemst
Flemish Region,2270,Herenthout
Flemish Region,2300,Turnhout
Flemish Region,2381,Ravels
Walloon Region,1325,Chaumont-Gistoux
Walloon Region,1400,Nivelles
Walloon Region,1460,Ittre
Walloon Region,1471,Genappe
Flemish Region,1730,Asse
Flemish Region,2060,Anvers
Flemish Region,2340,Beerse
Flemish Region,2350,Vosselaar
Flemish Region,2390,Malle
Flemish Region,2531,Boechout
Flemish Region,3110,Rotselaar
Flemish Region,3404,Landen
Flemish Region,3550,Heusden-Zolder
Flemish Region,3721,Hasselt
Flemish Region,3724,Hasselt
Walloon Region,4051,Chaudfontaine
Walloon Region,4130,Esneux
Walloon Region,4190,Ferrières
Walloon Region,4253,Geer
Walloon Region,4633,Soumagne
Walloon Region,4861,Pepinster
Walloon Region,4950,Waimes
Walloon Region,5555,Bièvre
Walloon Region,5562,Houyet
Walloon Region,6042,Charleroi
Walloon Region,6061,Charleroi
Walloon Region,6230,Pont-à-Celles
Walloon Region,6560,Erquelinnes
Walloon Region,6690,Vielsalm
Walloon Region,6920,Wellin
Walloon Region,7170,Manage
Walloon Region,7181,Seneffe
Walloon Region,7380,Quiévrain
Walloon Region,7382,Quiévrain
Walloon Region,7784,Comines-Warneton
Walloon Region,7866,Lessines
Flemish Region,8550,Zwevegem
Flemish Region,8755,Wingene
Flemish Region,8810,Lichtervelde
Flemish Region,8950,Heuvelland
Flemish Region,8953,Heuvelland
Flemish Region,9100,Saint-Nicolas
Flemish Region,9770,Kruisem
Flemish Region,9820,Merelbeke-Melle
Flemish Region,9831,Sint-Martens-Latem
Flemish Region,9992,Maldegem
Brussels-Capital Region,1050,Ixelles
Brussels-Capital Region,1210,Saint-Josse-ten-Noode
Walloon Region,1331,Rixensart
Walloon Region,1341,Ottignies-Louvain-la-Neuve
Flemish Region,1640,Rhode-Saint-Genèse
Flemish Region,1760,Roosdaal
Flemish Region,2235,Hulshout
Flemish Region,2240,Zandhoven
Flemish Region,2400,Mol
Flemish Region,2940,Stabroek
Flemish Region,3050,Oud-Heverlee
Flemish Region,3070,Kortenberg
Flemish Region,2540,Hove
Walloon Region,4100,Seraing
Flemish Region,2830,Willebroek
Walloon Region,4140,Sprimont
Flemish Region,2980,Zoersel
Walloon Region,4400,Flémalle
Flemish Region,3000,Louvain
Walloon Region,4451,Juprelle
Flemish Region,3001,Louvain
Walloon Region,4821,Dison
Flemish Region,3040,Huldenberg
Walloon Region,4910,Theux
Flemish Region,3190,Boortmeerbeek
Walloon Region,5332,Assesse
Flemish Region,3202,Aarschot
Walloon Region,5574,Beauraing
Flemish Region,3360,Bierbeek
Walloon Region,5646,Mettet
Flemish Region,3570,Alken
Walloon Region,6141,Fontaine-l’Evêque
Flemish Region,3580,Beringen
Walloon Region,6464,Chimay
Flemish Region,3581,Beringen
Walloon Region,6741,Etalle
Flemish Region,3891,Gingelom
Walloon Region,6767,Rouvroy
Flemish Region,3930,Hamont-Achel
Walloon Region,6972,Tenneville
Flemish Region,3941,Hechtel-Eksel
Walloon Region,7010,Mons
Walloon Region,4219,Wasseiges
Walloon Region,7034,Mons
Walloon Region,4263,Braives
Walloon Region,7387,Honnelles
Walloon Region,4671,Blegny
Walloon Region,7522,Tournai
Walloon Region,7712,Mouscron
Flemish Region,8570,Anzegem
Flemish Region,8890,Moorslede
Flemish Region,9230,Wetteren
Flemish Region,9340,Lede
Walloon Region,4960,Malmedy
Walloon Region,1300,Wavre
Walloon Region,5022,Namur
Flemish Region,1701,Dilbeek
Walloon Region,5310,Eghezée
Walloon Region,6181,Courcelles
Flemish Region,3440,Léau
Flemish Region,3454,Geetbets
Flemish Region,3530,Houthalen-Helchteren
Flemish Region,3640,Kinrooi
Flemish Region,3650,Dilsen-Stokkem
Flemish Region,3665,As
Flemish Region,3732,Bilzen-Hoeselt
Flemish Region,3793,Fourons
Walloon Region,4217,Héron
Walloon Region,4347,Fexhe-le-Haut-Clocher
Walloon Region,4350,Remicourt
Walloon Region,4432,Ans
Walloon Region,4631,Soumagne
Walloon Region,7860,Lessines
Walloon Region,4681,Oupeye
Walloon Region,6781,Messancy
Brussels-Capital Region,1130,Bruxelles
Brussels-Capital Region,1180,Uccle
Walloon Region,1357,Hélécine
Walloon Region,1367,Ramillies
Flemish Region,1547,Biévène
Flemish Region,1750,Lennik
Flemish Region,2160,Wommelgem
Flemish Region,2322,Hoogstraten
Flemish Region,2450,Meerhout
Flemish Region,2811,Malines
Flemish Region,2900,Schoten
Flemish Region,3012,Louvain
Flemish Region,3201,Aarschot
Flemish Region,3211,Lubbeek
Flemish Region,3380,Glabbeek
Flemish Region,3472,Kortenaken
Flemish Region,3840,Tongeren-Borgloon
Walloon Region,4170,Comblain-au-Pont
Walloon Region,4351,Remicourt
Walloon Region,4480,Engis
Walloon Region,4670,Blegny
Walloon Region,4720,La Calamine
Walloon Region,4877,Olne
Walloon Region,5333,Assesse
Walloon Region,5650,Walcourt
Walloon Region,6041,Charleroi
Walloon Region,6043,Charleroi
Walloon Region,6200,Châtelet
Walloon Region,6460,Chimay
Walloon Region,6724,Habay
Walloon Region,6853,Paliseul
Walloon Region,6924,Wellin
Walloon Region,6997,Erezée
Walloon Region,7180,Seneffe
Walloon Region,7301,Boussu
Walloon Region,7321,Bernissart
Walloon Region,7740,Pecq
Walloon Region,7783,Comines-Warneton
Walloon Region,7870,Lens
Walloon Region,7950,Chièvres
Flemish Region,8370,Blankenberge
Flemish Region,8500,Courtrai
Flemish Region,8510,Courtrai
Flemish Region,8560,Wevelgem
Flemish Region,8581,Avelgem
Flemish Region,8792,Waregem
Flemish Region,8793,Waregem
Flemish Region,8830,Hooglede
Flemish Region,9031,Gand
Flemish Region,9280,Lebbeke
Flemish Region,9308,Alost
Flemish Region,9472,Denderleeuw
Flemish Region,9920,Lievegem
Flemish Region,9921,Lievegem
Flemish Region,9988,Sint-Laureins
Flemish Region,1602,Sint-Pieters-Leeuw
Flemish Region,3018,Louvain
Flemish Region,3470,Kortenaken
Walloon Region,4458,Juprelle
Walloon Region,5031,Gembloux
Walloon Region,5524,Onhaye
Walloon Region,5580,Rochefort
Walloon Region,6750,Musson
Walloon Region,6840,Neufchâteau
Walloon Region,4653,Herve
Walloon Region,4728,La Calamine
Walloon Region,7120,Estinnes
Flemish Region,8954,Heuvelland
Flemish Region,9060,Zelzate
Flemish Region,9551,Herzele
Walloon Region,7020,Mons
Walloon Region,7032,Mons
Walloon Region,7350,Hensies
Walloon Region,7542,Tournai
Flemish Region,8470,Gistel
Brussels-Capital Region,1080,Molenbeek-Saint-Jean
Walloon Region,1340,Ottignies-Louvain-la-Neuve
Flemish Region,1932,Zaventem
Flemish Region,2050,Anvers
Flemish Region,2180,Anvers
Flemish Region,2323,Hoogstraten
Flemish Region,2491,Balen
Flemish Region,2650,Edegem
Flemish Region,2920,Kalmthout
Flemish Region,3090,Overijse
Flemish Region,3111,Rotselaar
Flemish Region,3660,Oudsbergen
Flemish Region,3792,Fourons
Flemish Region,9910,Aalter
Walloon Region,6900,Marche-en-Famenne
Flemish Region,8431,Middelkerke
Flemish Region,8700,Tielt
Flemish Region,8770,Ingelmunster
Flemish Region,8851,Ardooie
Flemish Region,8870,Izegem
Flemish Region,1910,Kampenhout
Flemish Region,2030,Anvers
Flemish Region,2910,Essen
Flemish Region,3071,Kortenberg
Flemish Region,3210,Lubbeek
Flemish Region,3300,Tirlemont
Flemish Region,3720,Hasselt
Flemish Region,3980,Tessenderlo-Ham
Walloon Region,4690,Bassenge
Walloon Region,4771,Amblève
Walloon Region,4845,Jalhay
Walloon Region,6743,Etalle
Walloon Region,7131,Binche
Walloon Region,7780,Comines-Warneton
Flemish Region,8434,Middelkerke
Flemish Region,8480,Ichtegem
Flemish Region,2630,Aartselaar
Flemish Region,3060,Bertem
Flemish Region,3221,Holsbeek
Flemish Region,3320,Hoegaarden
Flemish Region,3384,Glabbeek
Flemish Region,3401,Landen
Flemish Region,3450,Geetbets
Flemish Region,3600,Genk
Flemish Region,3723,Hasselt
Walloon Region,4000,Liège
Walloon Region,4050,Chaudfontaine
Walloon Region,4121,Neupré
Walloon Region,4280,Hannut
Walloon Region,4460,Grâce-Hollogne
Walloon Region,4801,Verviers
Walloon Region,4890,Thimister-Clermont
Walloon Region,5032,Gembloux
Walloon Region,5060,Sambreville
Walloon Region,5374,Havelange
Brussels-Capital Region,1082,Berchem-Sainte-Agathe
Walloon Region,1320,Beauvechain
Walloon Region,1410,Waterloo
Flemish Region,1540,Pajottegem
Flemish Region,1560,Hoeilaart
Flemish Region,1630,Linkebeek
Walloon Region,6000,Charleroi
Flemish Region,1761,Roosdaal
Flemish Region,1780,Wemmel
Flemish Region,1804,Zemst
Flemish Region,2570,Duffel
Flemish Region,2580,Putte
Flemish Region,3130,Begijnendijk
Walloon Region,6780,Messancy
Flemish Region,3668,As
Flemish Region,3742,Bilzen-Hoeselt
Walloon Region,6941,Durbuy
Walloon Region,7021,Mons
Walloon Region,7031,Mons
Walloon Region,7160,Chapelle-lez-Herlaimont
Walloon Region,7191,Ecaussinnes
Walloon Region,7501,Tournai
Walloon Region,7700,Mouscron
Walloon Region,7800,Ath
Flemish Region,8490,Jabbeke
Flemish Region,8956,Heuvelland
Flemish Region,9111,Saint-Nicolas
Flemish Region,9270,Laarne
Walloon Region,7011,Mons
Flemish Region,9403,Ninove
Flemish Region,9520,Sint-Lievens-Houtem
Flemish Region,9772,Kruisem
Flemish Region,9982,Sint-Laureins
Walloon Region,7750,Mont-de-l’Enclus
Walloon Region,7803,Ath
Walloon Region,1402,Nivelles
Flemish Region,2100,Anvers
Flemish Region,2801,Malines
Flemish Region,3020,Herent
Flemish Region,3078,Kortenberg
Flemish Region,3200,Aarschot
Walloon Region,5170,Profondeville
Walloon Region,5564,Houyet
Walloon Region,6532,Thuin
Flemish Region,2242,Zandhoven
Flemish Region,2430,Laakdal
Brussels-Capital Region,1081,Koekelberg
Flemish Region,2990,Wuustwezel
Flemish Region,3010,Louvain
Flemish Region,3381,Glabbeek
Flemish Region,3500,Hasselt
Walloon Region,4102,Seraing
Walloon Region,4430,Ans
Flemish Region,2530,Boechout
Walloon Region,4600,Visé
Walloon Region,4623,Fléron
Walloon Region,4672,Blegny
Walloon Region,4800,Verviers
Walloon Region,4820,Dison
Walloon Region,5030,Gembloux
Walloon Region,5100,Namur
Walloon Region,5101,Namur
Walloon Region,5354,Ohey
Walloon Region,5377,Somme-Leuze
Walloon Region,5543,Hastière
Walloon Region,5544,Hastière
Walloon Region,5550,Vresse-sur-Semois
Walloon Region,6220,Fleurus
Walloon Region,6540,Lobbes
Walloon Region,6637,Fauvillers
Walloon Region,6441,Froidchapelle
Walloon Region,6543,Lobbes
Walloon Region,6591,Momignies
Walloon Region,6596,Momignies
Walloon Region,6661,Houffalize
Walloon Region,7602,Péruwelz
Walloon Region,7618,Rumes
Walloon Region,6671,Gouvy
Walloon Region,7810,Ath
Flemish Region,8582,Avelgem
Flemish Region,8790,Waregem
Walloon Region,6769,Meix-devant-Virton
Flemish Region,9040,Gand
Flemish Region,9120,Beveren-Kruibeke-Zwijndrecht
Flemish Region,9220,Hamme
Walloon Region,6834,Bouillon
Flemish Region,9750,Kruisem
Walloon Region,7330,Saint-Ghislain
Flemish Region,8906,Ypres
Flemish Region,8920,Langemark-Poelkapelle
Flemish Region,8940,Wervik
Flemish Region,8980,Zonnebeke
Flemish Region,9550,Herzele
Flemish Region,9571,Lierde
Flemish Region,9690,Kluisbergen
Flemish Region,9850,Deinze
Walloon Region,1315,Incourt
Flemish Region,1860,Meise
Flemish Region,1933,Zaventem
Flemish Region,2280,Grobbendonk
Flemish Region,2590,Berlaar
Flemish Region,2660,Anvers
Flemish Region,3054,Oud-Heverlee
Flemish Region,3540,Herck-la-Ville
Flemish Region,3583,Beringen
Flemish Region,3590,Diepenbeek
Walloon Region,1310,La Hulpe
Walloon Region,1350,Orp-Jauche
Flemish Region,1670,Pepingen
Flemish Region,1740,Ternat
Flemish Region,1741,Ternat
Flemish Region,1745,Opwijk
Flemish Region,1790,Affligem
Flemish Region,1980,Zemst
Flemish Region,2380,Ravels
Flemish Region,2387,Baerle-Duc
Flemish Region,2547,Lint
Flemish Region,2860,Sint-Katelijne-Waver
Flemish Region,3061,Bertem
Flemish Region,3391,Tielt-Winge
Flemish Region,3791,Fourons
Flemish Region,3971,Bourg-Léopold
Flemish Region,3990,Peer
Walloon Region,4030,Liège
Walloon Region,4040,Herstal
Walloon Region,4053,Chaudfontaine
Walloon Region,4122,Neupré
Walloon Region,4210,Burdinne
Walloon Region,4431,Ans
Walloon Region,4602,Visé
Walloon Region,4608,Dalhem
Walloon Region,4700,Eupen
Walloon Region,4721,La Calamine
Walloon Region,1401,Nivelles
Walloon Region,5521,Onhaye
Flemish Region,1502,Hal
Walloon Region,5573,Beauraing
Flemish Region,1770,Liedekerke
Flemish Region,1850,Grimbergen
Flemish Region,2150,Anvers
Walloon Region,6832,Bouillon
Flemish Region,2290,Vorselaar
Walloon Region,6850,Paliseul
Flemish Region,9570,Lierde
Flemish Region,9968,Assenede
Walloon Region,1435,Mont-Saint-Guibert
Walloon Region,1470,Genappe
Flemish Region,1651,Beersel
Flemish Region,1820,Steenokkerzeel
Flemish Region,1851,Grimbergen
Flemish Region,1970,Wezembeek-Oppem
Flemish Region,2200,Herentals
Flemish Region,2321,Hoogstraten
Flemish Region,2640,Mortsel
Flemish Region,2840,Rumst
Flemish Region,3118,Rotselaar
Flemish Region,3120,Tremelo
Flemish Region,3560,Lummen
Flemish Region,3690,Zutendaal
Flemish Region,3832,Wellen
Walloon Region,4180,Hamoir
Walloon Region,4252,Geer
Walloon Region,4450,Juprelle
Walloon Region,4540,Amay
Walloon Region,4620,Fléron
Walloon Region,4624,Fléron
Walloon Region,4684,Oupeye
Walloon Region,4830,Limbourg
Walloon Region,4870,Trooz
Walloon Region,5350,Ohey
Walloon Region,6851,Paliseul
Walloon Region,6856,Paliseul
Walloon Region,6929,Daverdisse
Walloon Region,6951,Nassogne
Walloon Region,7711,Mouscron
Walloon Region,7782,Comines-Warneton
Flemish Region,8000,Bruges
Flemish Region,8530,Harelbeke
Flemish Region,8957,Messines
Flemish Region,9930,Lievegem
Brussels-Capital Region,1083,Ganshoren
Walloon Region,1480,Tubize
Flemish Region,2040,Anvers
Flemish Region,2230,Herselt
Flemish Region,2275,Lille
Flemish Region,2370,Arendonk
Flemish Region,2480,Dessel
Flemish Region,2520,Ranst
Walloon Region,6984,La Roche-en-Ardenne
Walloon Region,7781,Comines-Warneton
Walloon Region,7880,Flobecq
Flemish Region,8930,Menin
Flemish Region,3473,Kortenaken
Flemish Region,9051,Gand
Flemish Region,9090,Merelbeke-Melle
Flemish Region,9620,Zottegem
Flemish Region,9870,Zulte
Walloon Region,6010,Charleroi
Flemish Region,8377,Zuienkerke
Walloon Region,6870,Saint-Hubert
Flemish Region,9042,Gand
Walloon Region,7061,Soignies
Walloon Region,7322,Bernissart
Flemish Region,9401,Ninove
Flemish Region,9470,Denderleeuw
Flemish Region,9961,Assenede
Flemish Region,9971,Kaprijke
Walloon Region,4520,Wanze
Walloon Region,5644,Mettet
Walloon Region,6221,Fleurus
Walloon Region,6238,Pont-à-Celles
Walloon Region,6680,Sainte-Ode
Flemish Region,8710,Wielsbeke
Flemish Region,9473,Denderleeuw
Flemish Region,9660,Brakel
Walloon Region,7012,Mons
Walloon Region,7190,Ecaussinnes
Walloon Region,7504,Tournai
Walloon Region,7521,Tournai
Flemish Region,9070,Destelbergen
Flemish Region,9661,Brakel
Flemish Region,9880,Aalter
Flemish Region,9990,Maldegem
Brussels-Capital Region,1060,Saint-Gilles
Flemish Region,1501,Hal
Flemish Region,1601,Sint-Pieters-Leeuw
Flemish Region,2360,Oud-Turnhout
Flemish Region,2550,Kontich
Flemish Region,2600,Anvers
Flemish Region,2890,Puurs-Sint-Amands
Flemish Region,3460,Bekkevoort
Flemish Region,3545,Halen
Flemish Region,3850,Nieuwerkerken
Walloon Region,4257,Berloz
Walloon Region,4300,Waremme
Walloon Region,4340,Awans
Walloon Region,4342,Awans
Walloon Region,4632,Soumagne
Walloon Region,4840,Welkenraedt
Walloon Region,4970,Stavelot
Walloon Region,4990,Lierneux
Walloon Region,5080,La Bruyère
Walloon Region,5503,Dinant
Walloon Region,5520,Onhaye
Walloon Region,5563,Houyet
Flemish Region,8501,Courtrai
Flemish Region,8760,Tielt
Flemish Region,1742,Ternat
Flemish Region,3950,Bocholt
Walloon Region,4710,Lontzen
Walloon Region,4900,Spa
Walloon Region,5000,Namur
Walloon Region,6182,Courcelles
Walloon Region,6280,Gerpinnes
Walloon Region,6533,Thuin
Walloon Region,6536,Thuin
Walloon Region,6660,Houffalize
Walloon Region,6666,Houffalize
Walloon Region,6687,Bastogne
Walloon Region,6791,Aubange
Walloon Region,6792,Aubange
Walloon Region,6952,Nassogne
Walloon Region,7090,Braine-le-Comte
Flemish Region,9140,Tamise
Flemish Region,9451,Haaltert
Flemish Region,9980,Sint-Laureins
Brussels-Capital Region,1070,Anderlecht
Walloon Region,1404,Nivelles
Walloon Region,1457,Walhain
Flemish Region,1541,Pajottegem
Walloon Region,5300,Andenne
Flemish Region,2970,Schilde
Flemish Region,3140,Keerbergen
Walloon Region,6760,Virton
Walloon Region,6980,La Roche-en-Ardenne
Walloon Region,7050,Jurbise
Walloon Region,7134,Binche
Walloon Region,7331,Saint-Ghislain
Walloon Region,7600,Péruwelz
Walloon Region,7623,Brunehaut
Walloon Region,7730,Estaimpuis
Walloon Region,4650,Herve
Walloon Region,7862,Lessines
Flemish Region,2861,Sint-Katelijne-Waver
Flemish Region,3051,Oud-Heverlee
Walloon Region,4101,Seraing
Walloon Region,4261,Braives
Walloon Region,4630,Soumagne
Walloon Region,4651,Herve
Walloon Region,4654,Herve
Walloon Region,5020,Namur
Walloon Region,5150,Floreffe
Walloon Region,5352,Ohey
Walloon Region,5362,Hamois
Walloon Region,5576,Beauraing
Walloon Region,5620,Florennes
Walloon Region,6001,Charleroi
Walloon Region,6020,Charleroi
Walloon Region,6542,Lobbes
Walloon Region,6567,Merbes-le-Château
Walloon Region,6686,Bastogne
Walloon Region,6810,Chiny
Walloon Region,6812,Chiny
Walloon Region,6836,Bouillon
Walloon Region,6982,La Roche-en-Ardenne
Walloon Region,7333,Saint-Ghislain
Walloon Region,7801,Ath
Walloon Region,7863,Lessines
Walloon Region,7900,Leuze-en-Hainaut
Walloon Region,7903,Leuze-en-Hainaut
Flemish Region,8400,Ostende
Flemish Region,8970,Poperinge
Flemish Region,9255,Buggenhout
Flemish Region,9572,Lierde
Flemish Region,9931,Lievegem
Flemish Region,1620,Drogenbos
Walloon Region,4162,Anthisnes
Walloon Region,4601,Visé
Walloon Region,7973,Beloeil
Flemish Region,8450,Bredene
Walloon Region,4606,Dalhem
Flemish Region,8740,Pittem
Walloon Region,7022,Mons
Flemish Region,9900,Eeklo
Flemish Region,9940,Evergem
Walloon Region,7530,Tournai
Walloon Region,7534,Tournai
Walloon Region,4607,Dalhem
Walloon Region,7640,Antoing
Walloon Region,4610,Beyne-Heusay
Flemish Region,8552,Zwevegem
Walloon Region,4782,Saint-Vith
Flemish Region,8978,Poperinge
Flemish Region,9190,Stekene
Flemish Region,9250,Waasmunster
Flemish Region,9032,Gand
Flemish Region,9402,Ninove
Walloon Region,5334,Assesse
Walloon Region,5572,Beauraing
Walloon Region,6060,Charleroi
Walloon Region,6111,Montigny-le-Tilleul
Walloon Region,6800,Libramont-Chevigny
Flemish Region,9300,Alost
Walloon Region,7506,Tournai
Walloon Region,7533,Tournai
Walloon Region,7742,Pecq
Walloon Region,7811,Ath
Walloon Region,7941,Brugelette
Walloon Region,7942,Brugelette
Flemish Region,8340,Damme
Flemish Region,8580,Avelgem
Flemish Region,8690,Alveringem
Flemish Region,8840,Staden
Flemish Region,8900,Ypres
Flemish Region,9310,Alost
Flemish Region,9404,Ninove
Flemish Region,9552,Herzele
Brussels-Capital Region,1120,Bruxelles
Walloon Region,1330,Rixensart
Flemish Region,1652,Beersel
Flemish Region,1700,Dilbeek
Flemish Region,1800,Vilvorde
Flemish Region,1861,Meise
Flemish Region,2330,Merksplas
Flemish Region,1853,Grimbergen
Flemish Region,2500,Lierre
Flemish Region,2000,Anvers
Flemish Region,2620,Hemiksem
Flemish Region,2222,Heist-op-den-Berg
Flemish Region,3191,Boortmeerbeek
Flemish Region,2490,Balen
Flemish Region,3461,Bekkevoort
Flemish Region,2845,Niel
Flemish Region,3730,Bilzen-Hoeselt
Flemish Region,2870,Puurs-Sint-Amands
Flemish Region,3831,Wellen
Flemish Region,3271,Montaigu-Zichem
Flemish Region,3870,Heers
Flemish Region,3350,Linter
Flemish Region,3940,Hechtel-Eksel
Flemish Region,3510,Hasselt
Flemish Region,3960,Bree
Flemish Region,3582,Beringen
Walloon Region,4560,Clavier
Walloon Region,4680,Oupeye
Walloon Region,4682,Oupeye
Walloon Region,4852,Plombières
Walloon Region,5024,Namur
Walloon Region,5190,Jemeppe-sur-Sambre
Walloon Region,5523,Onhaye
Walloon Region,5540,Hastière
Brussels-Capital Region,1170,Watermael-Boitsfort
Walloon Region,5600,Philippeville
Walloon Region,5670,Viroinval
Walloon Region,6180,Courcelles
Walloon Region,1348,Ottignies-Louvain-la-Neuve
Walloon Region,6224,Fleurus
Walloon Region,6462,Chimay
Walloon Region,6721,Habay
Walloon Region,6823,Florenville
Walloon Region,6953,Nassogne
Walloon Region,7000,Mons
Walloon Region,7063,Soignies
Walloon Region,7332,Saint-Ghislain
Walloon Region,7340,Colfontaine
Walloon Region,7390,Quaregnon
Walloon Region,7622,Brunehaut
Flemish Region,8511,Courtrai
Flemish Region,8520,Kuurne
Flemish Region,8551,Zwevegem
Walloon Region,1474,Genappe
Flemish Region,8554,Zwevegem
Flemish Region,1674,Pepingen
Flemish Region,2070,Beveren-Kruibeke-Zwijndrecht
Flemish Region,8587,Espierres-Helchin
Flemish Region,8791,Waregem
Flemish Region,9260,Wichelen
Flemish Region,2110,Wijnegem
Flemish Region,2812,Malines
Flemish Region,2880,Bornem
Flemish Region,2960,Brecht
Walloon Region,4317,Faimes
Flemish Region,3700,Tongeren-Borgloon
Flemish Region,9860,Oosterzele
Walloon Region,4783,Saint-Vith
Walloon Region,4784,Saint-Vith
Walloon Region,5021,Namur
Walloon Region,5330,Assesse
Walloon Region,5360,Hamois
Walloon Region,5640,Mettet
Walloon Region,6110,Montigny-le-Tilleul
Walloon Region,6210,Les Bons Villers
Walloon Region,6223,Fleurus
Walloon Region,6530,Thuin
Flemish Region,9700,Audenarde
Flemish Region,9810,Nazareth-De Pinte
Walloon Region,6700,Arlon
Walloon Region,6740,Etalle
Walloon Region,6761,Virton
Walloon Region,6890,Libin
Walloon Region,7300,Boussu
Walloon Region,7830,Silly
Flemish Region,8573,Anzegem
Flemish Region,8691,Alveringem
Flemish Region,8904,Ypres
Flemish Region,8908,Ypres
Flemish Region,9150,Beveren-Kruibeke-Zwijndrecht
Flemish Region,9320,Alost
Flemish Region,9667,Horebeke
Flemish Region,8540,Deerlijk
Flemish Region,8670,Koksijde
Flemish Region,8850,Ardooie
Flemish Region,9881,Aalter
Flemish Region,9960,Assenede
Flemish Region,2800,Malines
Flemish Region,3053,Oud-Heverlee
Flemish Region,3150,Haacht
Walloon Region,6860,Léglise
Flemish Region,3830,Wellen
Walloon Region,4287,Lincent
Walloon Region,4570,Marchin
Walloon Region,4880,Aubel
Walloon Region,5571,Beauraing
Walloon Region,7370,Dour
Walloon Region,7503,Tournai
Walloon Region,7641,Antoing
Walloon Region,5641,Mettet
Flemish Region,8380,Bruges
Walloon Region,6140,Fontaine-l’Evêque
Flemish Region,8432,Middelkerke
Flemish Region,8647,Lo-Reninge
Flemish Region,8750,Wingene
Flemish Region,9600,Renaix
Walloon Region,1380,Lasne
Walloon Region,1472,Genappe
Flemish Region,1785,Merchtem
Flemish Region,9030,Gand
Flemish Region,9050,Gand
Flemish Region,9170,Sint-Gillis-Waas
Brussels-Capital Region,1200,Woluwe-Saint-Lambert
Walloon Region,1450,Chastre
Flemish Region,1673,Pepingen
Flemish Region,1880,Kapelle-op-den-Bos
Flemish Region,1755,Pajottegem
Flemish Region,1930,Zaventem
Walloon Region,4851,Plombières
Walloon Region,5363,Hamois
Walloon Region,7643,Antoing
Flemish Region,8211,Zedelgem
Flemish Region,8553,Zwevegem
Flemish Region,8572,Anzegem
Flemish Region,8720,Dentergem
Flemish Region,9185,Lochristi
Brussels-Capital Region,1140,Evere
Brussels-Capital Region,1150,Woluwe-Saint-Pierre
Flemish Region,1702,Dilbeek
Walloon Region,5500,Dinant
Walloon Region,5504,Dinant
Flemish Region,3390,Tielt-Winge
Flemish Region,3512,Hasselt
Walloon Region,5570,Beauraing
Flemish Region,3790,Fourons
Flemish Region,3900,Pelt
Flemish Region,3945,Tessenderlo-Ham
Walloon Region,4042,Herstal
Walloon Region,6723,Habay
Walloon Region,4557,Tinlot
Walloon Region,4652,Herve
Walloon Region,7062,Soignies
Walloon Region,4760,Bullange
Walloon Region,7601,Péruwelz
Walloon Region,4790,Burg-Reuland
Walloon Region,7760,Celles
Walloon Region,5340,Gesves
Walloon Region,5522,Onhaye
Walloon Region,7971,Beloeil
Walloon Region,6032,Charleroi
Walloon Region,6040,Charleroi
Walloon Region,6470,Sivry-Rance
Flemish Region,9450,Haaltert
Flemish Region,9890,Gavere
Walloon Region,1390,Grez-Doiceau
Flemish Region,2243,Zandhoven
Flemish Region,2320,Hoogstraten
Flemish Region,2460,Kasterlee
Flemish Region,2930,Brasschaat
Flemish Region,2950,Kapellen
Flemish Region,3806,Saint-Trond
Brussels-Capital Region,1000,Bruxelles
Walloon Region,1301,Wavre
Walloon Region,1490,Court-Saint-Etienne
Flemish Region,2018,Anvers
Flemish Region,2020,Anvers
Flemish Region,2440,Geel
Flemish Region,2560,Nijlen
Flemish Region,2610,Anvers
Flemish Region,2850,Boom
Flemish Region,3270,Montaigu-Zichem
Flemish Region,3290,Diest
Flemish Region,3370,Boutersem
Walloon Region,4500,Huy
Walloon Region,7531,Tournai
Walloon Region,7538,Tournai
Walloon Region,7500,Tournai
Walloon Region,7532,Tournai
Walloon Region,7536,Tournai
Walloon Region,7812,Ath
Walloon Region,7943,Brugelette
Flemish Region,8301,Knokke-Heist
Flemish Region,8430,Middelkerke
Flemish Region,8583,Avelgem
Flemish Region,8630,Furnes
Flemish Region,8820,Torhout
Flemish Region,8952,Heuvelland
Walloon Region,7540,Tournai
Walloon Region,7850,Enghien
Walloon Region,7901,Leuze-en-Hainaut
Walloon Region,1461,Ittre
Flemish Region,3970,Bourg-Léopold
Walloon Region,4530,Villers-Le-Bouillet
Walloon Region,4834,Limbourg
Walloon Region,4850,Plombières
Walloon Region,5501,Dinant
Walloon Region,5660,Couvin
Walloon Region,6183,Courcelles
Walloon Region,6463,Chimay
Walloon Region,6600,Bastogne
Walloon Region,6674,Gouvy
Walloon Region,6717,Attert
Walloon Region,4683,Oupeye
Walloon Region,4730,Raeren
Flemish Region,8680,Koekelare
Flemish Region,8780,Oostrozebeke
Flemish Region,8800,Roulers
Flemish Region,8860,Lendelede
Flemish Region,9000,Gand
Flemish Region,9160,Lokeren
Flemish Region,9290,Berlare
Flemish Region,9932,Lievegem
Flemish Region,9950,Lievegem
Flemish Region,9991,Maldegem
Walloon Region,5561,Houyet
Flemish Region,1703,Dilbeek
Walloon Region,6030,Charleroi
Walloon Region,6150,Anderlues
Walloon Region,6704,Arlon
Flemish Region,3220,Holsbeek
Flemish Region,3630,Maasmechelen
Flemish Region,3631,Maasmechelen
Walloon Region,6927,Tellin
Flemish Region,3890,Gingelom
Walloon Region,4160,Anthisnes
Walloon Region,4181,Hamoir
Walloon Region,4470,Saint-Georges-sur-Meuse
Walloon Region,4731,Raeren
Walloon Region,4987,Stoumont
Walloon Region,5140,Sombreffe
Walloon Region,7334,Saint-Ghislain
Walloon Region,4032,Liège
Walloon Region,4218,Héron
Walloon Region,6762,Virton
Walloon Region,6821,Florenville
Walloon Region,6838,Bouillon
Walloon Region,6880,Bertrix
Brussels-Capital Region,1020,Bruxelles
Flemish Region,3321,Hoegaarden
Flemish Region,3798,Fourons
Walloon Region,4171,Comblain-au-Pont
Walloon Region,4550,Nandrin
Flemish Region,3740,Bilzen-Hoeselt
Flemish Region,3770,Riemst
Walloon Region,4452,Juprelle
Walloon Region,7610,Rumes
Walloon Region,4590,Ouffet
Walloon Region,4621,Fléron
Walloon Region,6706,Arlon
Walloon Region,6782,Messancy
Walloon Region,6824,Florenville
Walloon Region,6922,Wellin
Walloon Region,7024,Mons
Flemish Region,8958,Heuvelland
Walloon Region,7041,Quévy
Walloon Region,7621,Brunehaut
Flemish Region,8420,De Haan
